Timestamp,RSVP ID,Primary Name,Phone,Email,Attending,Adults,Children,Total Guests,Guest Names,Available Event Days,Dietary Restrictions / Allergies,Comments
"2026-09-06T20:01:09.381Z","TW-LOCAL-MM43WQEO","Test Walker","801-555-0199","test@example.com","Yes","2","1","3","Test Walker, Partner Walker","Monday, September 14, 2026 — Ganesh Chaturthi Celebration","Vegetarian","Excited to join!"
"2026-09-06T20:09:43.335Z","TW-LOCAL-265JQH0A","Ajay Parasa","801-555-0199","ajay@example.com","Yes","2","2","4","Ajay, Spouse, Child 1, Child 2","Mon • Sep 14 — Ganesh Chavithi Pooja & Idol Revealing (4 guests) | Tue • Sep 15 — Ganesh Pooja & Game Night (4 guests) | Wed • Sep 16 — Ganesh Pooja & Cultural Night (4 guests) | Thu • Sep 17 — Ganesh Pooja & Tambola Night (4 guests) | Fri • Sep 18 — Annadanam & Laddu Auction (4 guests) | Sat • Sep 19 — Utti Program, Procession & Nimarjanam (4 guests)","No restrictions","Looking forward to all 6 days!"
"2026-09-06T20:13:50.465Z","TW-LOCAL-E3ZQPG4W","Parasa Family","801-555-0199","parasa@example.com","Yes","2","1","3","Ajay, Lakshmi, Little Parasa","Mon • Sep 14 — Ganesh Chavithi Pooja & Idol Revealing (3 guests) | Wed • Sep 16 — Ganesh Pooja & Cultural Night (3 guests) | Fri • Sep 18 — Annadanam & Laddu Auction (3 guests)","Vegetarian","Can wait for the WhatsApp updates!"
"2026-09-06T20:15:19.511Z","TW-LOCAL-Z2BMACHS","Sri & Family","801-555-0244","sri@example.com","Yes","3","2","5","Sri, Sravani, Grandparent, Kid1, Kid2","Mon • Sep 14 — Ganesh Chavithi Pooja & Idol Revealing (5 guests) | Fri • Sep 18 — Annadanam & Laddu Auction (5 guests) | Sat • Sep 19 — Utti Program, Procession & Nimarjanam (5 guests)","No restrictions","Excited for Chavithi & Annadanam!"
"2026-09-07T21:09:05.016Z","TW-LOCAL-TC97MBCT","Test User","801-555-0199","test@example.com","Yes","2","1","3","","Sep 14","","Testing WhatsApp card"
"2026-09-07T21:12:38.332Z","TW-LOCAL-V03V1CN8","Hybrid Test","801-555-0188","test2@example.com","Yes","1","0","1","","Sep 14","","Hybrid test"
"2026-09-07T21:14:17.996Z","TW-LOCAL-FRQB5Z10","Final Check","801-555-0177","check@example.com","Yes","2","0","2","","Sep 14","","Final note removal test"
"2026-09-07T21:15:59.362Z","TW-LOCAL-78VUGTOI","Ajay","","","Yes","1","0","1","","Mon • Sep 14 — Ganesh Chavithi Pooja & Idol Revealing (1 guest)","",""
"2026-09-07T21:17:26.872Z","TW-LOCAL-0TINEHK3","Ajay","","","Yes","1","0","1","","Mon • Sep 14 — Ganesh Chavithi Pooja & Idol Revealing (1 guest)","",""
"2026-09-07T21:26:15.911Z","TW-LOCAL-4FMFK3LY","Phone User","801-555-9999","phone@example.com","Yes","2","1","3","","Sep 14","","Testing with phone"
"2026-09-07T21:26:37.721Z","TW-LOCAL-1H4BNR40","No Phone User","","nophone@example.com","Yes","2","0","2","","Sep 14","","Testing without phone"
"2026-09-07T21:27:19.187Z","TW-LOCAL-OJG43UL4","Ajay","","","Yes","1","0","1","","Mon • Sep 14 — Ganesh Chavithi Pooja & Idol Revealing (1 guest)","",""
"2026-09-07T21:27:48.672Z","TW-LOCAL-4J7H2HBJ","Ajay","3475067518","","Yes","1","0","1","","Mon • Sep 14 — Ganesh Chavithi Pooja & Idol Revealing (1 guest)","",""
"2026-09-07T21:40:44.914Z","TW-LOCAL-WWE9JO1S","Ajay","","","Yes","1","0","1","","Mon • Sep 14 — Ganesh Chavithi Pooja & Idol Revealing (1 guest)","",""
"2026-09-07T21:41:55.573Z","TW-LOCAL-DY41VVVX","Fix Empty Page Test","801-555-0155","fix@example.com","Yes","2","0","2","","Sep 14","","Empty page fix test"
"2026-09-07T21:51:44.398Z","TW-LOCAL-I6EGYT97","Bulletproof Test","801-555-0144","bp@example.com","Yes","2","0","2","","Sep 14","","Bulletproof test"
"2026-09-07T21:59:56.396Z","TW-LOCAL-U83XCZSP","Verification User","801-555-0199","test@example.com","Yes","2","1","3","Guest 1, Guest 2","Mon • Sep 14 — Ganesh Chavithi Pooja & Idol Revealing (3 guests)","Vegetarian","Testing buttons"
"2026-09-07T22:05:01.002Z","TW-LOCAL-0G9KFX53","Verification User","801-555-0199","test@example.com","Yes","2","1","3","Guest 1, Guest 2","Mon • Sep 14 — Ganesh Chavithi Pooja & Idol Revealing (3 guests)","Vegetarian","Testing buttons"
"2026-09-07T22:35:14.380Z","TW-LOCAL-NZH7VBRE","Verification User","801-555-0199","test@example.com","Yes","2","1","3","Guest 1, Guest 2","Mon • Sep 14 — Ganesh Chavithi Pooja & Idol Revealing (3 guests)","Vegetarian","Testing buttons"
"2026-09-07T22:37:32.658Z","TW-LOCAL-AMOZYZSC","Ajay","","","Yes","1","0","1","","Mon • Sep 14 — Ganesh Chavithi Pooja & Idol Revealing (1 guest)","",""
"2026-09-07T22:37:32.661Z","TW-LOCAL-PHOE9EQG","Ajay","","","Yes","1","0","1","","Mon • Sep 14 — Ganesh Chavithi Pooja & Idol Revealing (1 guest)","",""
"2026-09-07T22:53:09.591Z","TW-LOCAL-PKZYIBJX","Verification User","801-555-0199","test@example.com","Yes","2","1","3","Guest 1, Guest 2","Mon • Sep 14 — Ganesh Chavithi Pooja & Idol Revealing (3 guests)","Vegetarian","Testing buttons"
"2026-09-07T23:13:04.253Z","TW-LOCAL-QFEJN28N","Verification User","801-555-0199","test@example.com","Yes","2","1","3","Guest 1, Guest 2","Mon • Sep 14 — Ganesh Chavithi Pooja & Idol Revealing (3 guests)","Vegetarian","Testing buttons"
"2026-09-07T23:17:00.117Z","TW-LOCAL-DGI72UOH","Verification User","801-555-0199","test@example.com","Yes","2","1","3","Guest 1, Guest 2","Mon • Sep 14 — Ganesh Chavithi Pooja & Idol Revealing (3 guests)","Vegetarian","Testing buttons"
"2026-09-07T23:26:01.266Z","TW-LOCAL-MDAF0DSR","Verification User","801-555-0199","test@example.com","Yes","2","1","3","Guest 1, Guest 2","Mon • Sep 14 — Ganesh Chavithi Pooja & Idol Revealing (3 guests)","Vegetarian","Testing buttons"
"2026-09-07T23:30:22.207Z","TW-LOCAL-VC3ZM5K6","Verification User","801-555-0199","test@example.com","Yes","2","1","3","Guest 1, Guest 2","Mon • Sep 14 — Ganesh Chavithi Pooja & Idol Revealing (3 guests)","Vegetarian","Testing buttons"
"2026-09-07T23:41:00.225Z","TW-LOCAL-61G0BU6I","Local Test User","8015550199","localtest@example.com","Yes","2","1","3","Local Guest 1, Local Guest 2","Mon • Sep 14 — Ganesh Chavithi Pooja & Idol Revealing (3 guests)","None","Testing local server!"
"2026-09-07T23:42:16.163Z","TW-LOCAL-78BY38UQ","Local Agent Test User","801-555-9988","localtest@teamwalkers.org","Yes","2","1","3","Guest 1, Child 1","Sep 14 | Sep 15","None","Testing local endpoint"
"2026-09-07T23:47:34.657Z","TW-LOCAL-K52DD7PU","Verification User","801-555-0199","test@example.com","Yes","2","1","3","Guest 1, Guest 2","Sep 14","Vegetarian","Testing buttons"
"2026-09-07T23:54:07.510Z","TW-LOCAL-ONPZTN7S","Final Verification Guest","801-555-7788","finaltest@teamwalkers.org","Yes","2","1","3","Test Adult 1, Test Child 1","Mon • Sep 14 — Ganesh Chavithi Pooja & Idol Revealing (3 guests)","None","Final end-to-end check"
"2026-09-07T23:54:29.400Z","TW-LOCAL-GHDB7MVQ","dfggh","","","Yes","2","0","2","","Mon • Sep 14 — Ganesh Chavithi Pooja & Idol Revealing (2 guests)","",""
